kind,company,title,city,remote,status,status_note,checked,experience,pay,skills,url
вакансия,ARRU GAMES,Junior QA (тестировщик мобильной игры),удалённо,да,открыт,,2026-09-17,не требуется,46 000–74 000 ₽ ($500–800),"баг-репорты, Android/iOS",https://youngjunior.ru/qa/jobs/60218
вакансия,Fora Soft,Junior QA / Младший специалист по тестированию ПО,Санкт-Петербург,нет,открыт,,2026-09-17,не требуется,57 000–90 000 ₽,"тест-дизайн, тест-кейсы, английский, ИИ-инструменты",https://hh.ru/vacancy/136721105
вакансия,Sputnik8,QA Engineer,Санкт-Петербург,нет,открыт,,2026-09-17,не требуется,не указана,"теория тестирования, тест-дизайн, SQL, Postman, Swagger, Jira/TMS",https://hh.ru/vacancy/136519968
вакансия,TrueConf,Младший тестировщик ПО / Junior QA Engineer,Москва,нет,открыт,,2026-09-17,не требуется,50 000–60 000 ₽,"теория тестирования, Linux, Jira/TMS",https://hh.ru/vacancy/136399790
вакансия,АМТЕХ,Junior QA,Москва,да,открыт,,2026-09-17,не требуется,не указана,"теория тестирования, тест-дизайн, клиент-сервер",https://hh.ru/vacancy/137256922
вакансия,БПМСОФТ,Ассистент тестировщика,Нижний Новгород,нет,открыт,,2026-09-17,не требуется,не указана,"теория тестирования, тест-дизайн, SQL, Jira/TMS",https://hh.ru/vacancy/131501846
вакансия,Доктор Веб,Младший тестировщик / Junior QA software tester,Санкт-Петербург,нет,открыт,,2026-09-17,не требуется,не указана,"теория тестирования, тест-кейсы, чек-листы, Jira/TMS",https://hh.ru/vacancy/119066525
вакансия,Доктор Веб,Младший тестировщик (Unix),Санкт-Петербург,нет,открыт,,2026-09-17,не требуется,не указана,"тест-кейсы, HTTP, Linux, снифферы трафика, Python, Docker",https://hh.ru/vacancy/136889813
вакансия,ИП Чувашев П. В.,Тестировщик ПО Junior (Web и Mobile),Казань,да,открыт,,2026-09-17,не требуется,60 000 на ИС → 80 000 ₽,теория тестирования,https://hh.ru/vacancy/136739197
вакансия,ИП Шабатин В. В.,Junior QA Engineer (Gamedev),Санкт-Петербург,нет,открыт,,2026-09-17,не требуется,не указана,"теория тестирования, тест-кейсы, чек-листы, баг-репорты, Jira/TMS, Android/iOS",https://hh.ru/vacancy/136986317
вакансия,МОБИ.Деньги,Младший тестировщик ПО,Санкт-Петербург,нет,открыт,,2026-09-17,не требуется,от 50 000 ₽ на руки,"теория тестирования, тест-дизайн, тест-кейсы, чек-листы, SQL, Linux, Jira/TMS",https://hh.ru/vacancy/137113401
вакансия,НОРСИ-ТРАНС,Специалист по тестированию (мобильная связь),Москва,нет,открыт,,2026-09-17,не требуется,от 70 000 ₽ на руки,баг-репорты,https://hh.ru/vacancy/137094644
вакансия,Синтегро консалтинг,Тестировщик 1С,Москва,нет,открыт,,2026-09-17,не требуется,от 60 000 ₽ на руки,"тест-кейсы, автотесты",https://hh.ru/vacancy/136860298
вакансия,Системы документооборота,Специалист по тестированию (Тестировщик),Казань,нет,открыт,,2026-09-17,не требуется,40 000 ₽,"тест-кейсы, баг-репорты",https://hh.ru/vacancy/136792634
вакансия,Специальный Технологический Центр,Тестировщик ПО (Manual QA),Санкт-Петербург,нет,открыт,,2026-09-17,не требуется,от 100 000 ₽,"баг-репорты, Linux, Git, снифферы трафика, Jira/TMS, Python, CI/CD, Docker",https://hh.ru/vacancy/136858878
вакансия,Страховая группа МАКС,Младший тестировщик / Специалист по тестированию,Москва,нет,открыт,,2026-09-17,не требуется,до 70 000 ₽,"чек-листы, SQL, Java, JavaScript/TypeScript",https://youngjunior.ru/qa/jobs/56951
стажировка,Bellerage,Стажер-тестировщик 1C,Москва,нет,открыт,,2026-09-17,не требуется,не указана,"чек-листы, Git, Jira/TMS, английский",https://hh.ru/vacancy/133371552
стажировка,Ozon Банк,"Стажер, QA Auto JavaScript",Санкт-Петербург,нет,открыт,,2026-09-17,не требуется; только студенты (3 курс и старше),не указана,"теория тестирования, тест-дизайн, DevTools, Git, Java, JavaScript/TypeScript, автотесты, Selenium",https://hh.ru/vacancy/133496207
стажировка,SimbirSoft,"Онлайн-стажировка (QA, SDET)",онлайн,да,открыт,"2-й поток, анонс 25.08.2026",2026-09-17,нужны учебные или хакатон-проекты; студенты IT,оплачивается,не указаны,https://habr.com/ru/companies/simbirsoft/news/1074322/
стажировка,Альфа-Банк,Стажер-тестировщик (автоматизация розничных продуктов),Москва,нет,открыт,,2026-09-17,не требуется,не указана,"теория тестирования, тест-дизайн, SQL",https://youngjunior.ru/qa/jobs/59442
стажировка,Банк ПСБ (Старт карьеры),Стажер тестировщик,Москва,да,открыт,,2026-09-17,не требуется; только студенты (4–6 курс вуза),"90 000 ₽ до вычета, пропорц. часам","теория тестирования, тест-кейсы, чек-листы, баг-репорты, Postman, Jira/TMS",https://hh.ru/vacancy/136979080
стажировка,Банк Уралсиб,Стажер-тестировщик QA (удалённо),Казань / удалённо по РФ,да,открыт,,2026-09-17,не требуется; только студенты (выпускной курс тех. направления),до 50 000 ₽,"теория тестирования, тест-дизайн, SQL, REST API, Postman, DevTools, HTTP, JSON/XML",https://youngjunior.ru/qa/jobs/53553
стажировка,Билайн,QA Intern,Москва,нет,открыт,,2026-09-17,не требуется,не указана,"REST API, клиент-сервер, автотесты, ИИ-инструменты",https://youngjunior.ru/qa/jobs/58227
стажировка,ИТ-компания «Лоция»,Функциональный тестировщик / QA инженер (стажировка),удалённо,да,открыт,,2026-09-17,не требуется; только студенты (студенты технических и IT-вузов),не оплачивается,"теория тестирования, SQL, REST API, Git",https://career.habr.com/vacancies/1000168356
стажировка,МТС,Стажер Fullstack QA,Москва,нет,открыт,,2026-09-17,не требуется; только студенты (3–6 курс),не указана,"теория тестирования, тест-дизайн, тест-кейсы, Postman, DevTools",https://youngjunior.ru/qa/jobs/60112
стажировка,МТС,Стажер QA automation (Java) [UMS],удалённо,да,открыт,,2026-09-17,не требуется; только студенты (3–6 курс),не указана,"теория тестирования, тест-кейсы, SQL, REST API, автотесты",https://youngjunior.ru/qa/jobs/58196
стажировка,МТС,Стажер Auto QA Python,удалённо,да,открыт,,2026-09-17,не требуется; только студенты (3–6 курс),не указана,"SQL, REST API, Python, Kafka, ИИ-инструменты",https://youngjunior.ru/qa/jobs/56684
стажировка,Р-Вижн,Стажер-тестировщик,Москва,да,открыт,,2026-09-17,не требуется; только студенты (3 курс бакалавриата / 1 курс магистратуры),не указана,"теория тестирования, тест-кейсы, баг-репорты, SQL, JSON/XML, Git, Jira/TMS",https://hh.ru/vacancy/134492344
стажировка,РТЛабс,Инженер по тестированию – стажер,Санкт-Петербург,нет,открыт,,2026-09-17,не требуется; только студенты (студент IT-вуза),не указана,"теория тестирования, тест-кейсы, баг-репорты, SQL, Postman, клиент-сервер, HTTP, Kafka",https://hh.ru/vacancy/137310191
стажировка,Развитие ИТ,Стажер QA / Junior QA Engineer,Москва,да,открыт,,2026-09-17,не требуется,не указана,"теория тестирования, тест-кейсы, чек-листы, баг-репорты, Postman, DevTools, Jira/TMS",https://hh.ru/vacancy/137408496
стажировка,Ренью,QA-engineer / тестировщик (стажер),Екатеринбург,да,открыт,,2026-09-17,не требуется,50 000 ₽,"SQL, REST API, Postman, JSON/XML, снифферы трафика",https://hh.ru/vacancy/137085748
стажировка,Сбер,Стажёр QA-инженер (CRM с ИИ),Сочи,нет,открыт,,2026-09-17,не требуется,не указана,"тест-дизайн, REST API, Postman, DevTools, клиент-сервер, HTTP",https://youngjunior.ru/qa/jobs/61036
стажировка,Сбер,Стажер-тестировщик (AQA Java),Москва,нет,открыт,,2026-09-17,не требуется,не указана,"SQL, REST API, Git, CI/CD, ИИ-инструменты",https://youngjunior.ru/qa/jobs/60540
стажировка,Сбер (СберТех),Стажер по функциональному тестированию,Москва,нет,открыт,,2026-09-17,"не требуется; только студенты (2–6 курс, очно)",не указана,"тест-кейсы, баг-репорты, REST API, Postman, Jira/TMS",https://youngjunior.ru/qa/jobs/58222
стажировка,Т1,Стажировка «Ручной тестировщик»,12+ городов РФ,да,открыт,,2026-09-17,не требуется; студенты 2–3 курса; граждане РФ,оплачивается,"теория тестирования, REST/SOAP, TCP/IP, Linux, логи",https://career.t1.ru/debut/internship/manual_qa_engineer
стажировка,Яндекс,Инженер по автоматизации тестирования (стажёр) в Финтех,"Москва, Санкт-Петербург",нет,открыт,,2026-09-17,не требуется,не указана,"теория тестирования, SQL, REST API, HTTP, Linux, Git, автотесты",https://yandex.ru/jobs/vacancies/inzhener-po-avtomatizatsii-testirovaniya-stazhyor-v-finteh-35217
стажировка,Яндекс,Стажировка в тестировании (ручное и автоматизация),"Москва, СПб, Екатеринбург и др.",нет,открыт,набор круглый год,2026-09-17,"не требуется, нужны знания",оплачивается,"теория тестирования, тест-дизайн, тестовая документация, HTTP, SQL",https://yandex.ru/yaintern/qa
стажировка,не раскрыт (пост в TG @qajoboffer),Junior QA / Стажер ручного тестирования,удалённо по РФ,да,открыт,,2026-09-17,не требуется,от 70 000 ₽,"теория тестирования, SQL, REST API, клиент-сервер, HTTP",https://youngjunior.ru/qa/jobs/62013
стажировка,Naumen,Стажёр-тестировщик (летняя стажировка),"Екатеринбург, удалённо",да,закрыт,"приём до 15 мая, стажировка июль–сентябрь",2026-09-17,не требуется; студенты или выпускники IT,65 000 ₽ на руки,тест-дизайн,https://www.naumen.ru/career/trainee/remote/tester/
стажировка,VK,QA Engineer (стажёр),Санкт-Петербург,да,не подтверждён,на сайте стажировок VK сейчас нет вакансий,2026-09-17,не требуется,не указана,"теория тестирования, тест-кейсы, баг-репорты, DevTools, клиент-сервер, Git, снифферы трафика, Python",https://youngjunior.ru/qa/jobs/47984
стажировка,VK,Стажировка VK (QA-вакансии бывают сезонно),"Москва, СПб, Казань и др.",да,закрыт,сейчас вакансий нет,2026-09-17,не требуется,оплачивается,"теория тестирования, Postman, SQL, клиент-сервер",https://internship.vk.company/internship
стажировка,YADRO,YADRO Импульс (есть тестирование),"Москва, СПб, НН, Екатеринбург, удалённо",да,закрыт,"набор ежегодно весной, стажировка летом",2026-09-17,не требуется; студенты-очники со 2 курса,оплачивается,зависят от направления,https://edu.yadro.com/impulse/
стажировка,Авито,Стажировка Авито Tech (есть QA),5 офисов,да,закрыт,"приём закрыт 30.08.2026, программа стартует в октябре",2026-09-17,не требуется; студенты 2–4 курса и недавние выпускники,оплачивается,не указаны,https://www.cnews.ru/news/line/2026-08-19_avito_otkryl_nabor_na_novuyu
стажировка,Контур,Тестирование ПО: курс → стажировка,"Екатеринбург, СПб, Новосибирск, Казань и др.",нет,закрыт,отбор на курс — в декабре,2026-09-17,не требуется; студенты-очники IT,от 75 000 ₽ на стажировке,"Git, DevTools, SQL, C#, YouTrack, Postman",https://kontur.ru/education/internship/internship-testing
стажировка,Лаборатория Касперского,SafeBoard (направление «тестирование»),Москва,частично,закрыт,набор ежегодно в марте,2026-09-17,"не требуется; студенты (кроме выпускного курса), жители Москвы и МО",оплачивается,не указаны,https://www.kaspersky.ru/about/press-releases/lovi-volnu-laboratoriya-kasperskogo-otkryvaet-novyj-nabor-na-stazhirovku-dlya-studentov-safeboard
стажировка,Правительство Москвы,Стажировка «Тестировщик» («Команда Москвы»),Москва,гибрид,закрыт,дедлайн был 14.09.2026,2026-09-17,студенты и выпускники; нужен опыт автотестов,до 75 000 ₽,"основы программирования, SQL, автотесты",https://changellenge.com/vacancy/tester-moscow-government-moscow-/
стажировка,Т-Банк,Т-Старт: стажировка QA-инженер,офис или удалённо,да,не подтверждён,статус набора на странице не указан,2026-09-17,не требуется,оплачивается,"тест-дизайн, клиент-сервер, API, БД, основы программирования",https://education.tbank.ru/start/quality_engineer/
школа,Aston,Бесплатный курс QA Java → стажировка,РФ (до UTC+5),да,открыт,,2026-09-17,"не требуется; высшее или СПО; база теории, SQL, Java",курс бесплатный; стипендия на стажировке,"теория тестирования, SQL, Java, JUnit/TestNG, Selenium",https://career.astondevs.ru/courses/qa-java
школа,Bell Integrator,Бесплатная школа автотестирования на Java → найм,Москва (офис),нет,открыт,,2026-09-17,не требуется; высшее или СПО; Java Core,обучение бесплатно; стажёрам до 60 000 ₽,"Java, SQL, автотесты",https://hh.ru/vacancy/136545837
школа,Перфоманс Лаб,Курс нагрузочного тестирования → найм,Москва,гибрид,открыт,старт курса 05.10.2026,2026-09-17,не требуется; основы Java или Python,после найма 55 000–60 000 ₽,"основы программирования, SQL, JMeter",https://hh.ru/vacancy/136932655
школа,ITG Corporation / SimpleOne,Интенсив QA → стажировка,"СПб, Севастополь",нет,закрыт,поток 14–30.09.2026 уже идёт,2026-09-17,не требуется,"интенсив бесплатный, стажировка оплачивается","теория тестирования, клиент-сервер, Postman, Git",https://hh.ru/vacancy/136420395
школа,Т-Банк,Т-Академия QA (Mobile / Backend),онлайн,да,закрыт,"QA Backend — весной, QA Mobile — летом",2026-09-17,не требуется; студенты; программирование и сети,бесплатно,"основы программирования, сети",https://education.tbank.ru/academy/t-academy/qa/
школа,ЦФТ,ШИФТ: QA-инженер (Python),по наборам,гибрид,закрыт,между наборами,2026-09-17,не требуется,бесплатно,"Postman, тест-кейсы, Python, теория тестирования",https://shiftproject.ru/courses/
подработка,Crowdtesting.ru,Тестировщик (краудтестинг),Москва,да,открыт,,2026-09-17,не требуется,сдельно: 150–500 ₽ за подтверждённый баг,"баг-репорты, Android/iOS",https://hh.ru/vacancy/137319204
подработка,Яндекс Крауд,Младший тестировщик (частичная занятость),удалённо,да,открыт,,2026-09-17,"нужны курсы, стажировка или учебные проекты",сдельная,"теория тестирования, свои устройства",https://crowd.yandex.ru/testing/test_junior_qa
подработка,не раскрыт (TG @rueventjob),AI-тестировщик / Prompt QA (фриланс),удалённо,да,открыт,,2026-09-17,не требуется,≈44 000–52 000 ₽ (1 793 ₽/день + бонус),"чек-листы, ИИ-инструменты",https://youngjunior.ru/qa/jobs/61185
